NAME,ROUNDS,SCORING,DRIVE_DISTANCE,FWY_%,GIR_%,SG_P,SG_TTG,POINTS,TOP 10,1ST,Year,MONEY,COUNTRY
Scottie Scheffler,88,68.3,310.3,62.1,74.4,-0.301,2.615,4218,17,2,2023,21014342,
Viktor Hovland,88,68.9,307.6,63.7,68.2,0.236,1.412,4024,9,3,2023,14112235,
Rory McIlroy,64,68.9,326.3,53.3,67.9,0.164,1.938,3494,13,2,2023,13921008,
Jon Rahm,71,68.8,314,57.7,70.5,0.336,1.343,3486,10,4,2023,16522608,
Lucas Glover,100,69.9,294.9,68.9,70.5,-0.344,0.787,3041,5,2,2023,6399296,
Max Homa,86,69.2,304.8,60.1,66.9,0.612,1.026,2871,13,2,2023,10761517,
Patrick Cantlay,72,68.8,308.6,65.5,69.8,0.305,1.564,2843,10,0,2023,10372998,
Brian Harman,93,69.3,293.6,66.8,67.6,0.399,0.281,2339,7,1,2023,9175262,
Wyndham Clark,102,69.4,313.5,54.9,67.8,0.37,0.831,2157,8,2,2023,10757490,
Matt Fitzpatrick,73,70,304.1,56.6,65.1,0.525,0.396,2043,6,1,2023,8144543,
Tommy Fleetwood,74,69.4,302.3,61.8,64.6,0.493,1.205,1967,9,0,2023,6510641,
Russell Henley,84,69.3,290.9,72.6,69.5,-0.121,1.003,1948,5,1,2023,6332282,
Keegan Bradley,82,69.8,305.6,58.5,67.1,0.447,0.438,1933,6,2,2023,9010040,
Rickie Fowler,96,69.4,308.1,58.5,68.1,0.29,1.136,1885,8,1,2023,7864161,
Xander Schauffele,81,69.1,304.1,57.5,68.4,0.667,1.201,1866,11,0,2023,8459066,
Tom Kim,90,69.2,297.6,67.5,69.5,0.115,0.834,1814,9,2,2023,7774918,
Sungjae Im,104,69.4,299.3,63,66.5,0.207,0.842,1780,9,0,2023,6665921,
Tony Finau,84,69.5,304.2,60.7,69.1,-0.133,1.257,1744,5,2,2023,5867652,
Corey Conners,86,69.7,300.6,61.4,70.2,-0.136,1.055,1688,5,1,2023,5545721,
Si Woo Kim,100,69.9,296.9,67.8,65.9,-0.308,0.984,1672,5,1,2023,5397030,
Taylor Moore,101,70.3,307.1,55.9,64.1,0.414,-0.065,1669,4,1,2023,5077211,
Nick Taylor,93,69.8,293.7,58.5,65.6,0.241,0.429,1633,6,1,2023,6242461,
Adam Schenk,119,69.9,305.6,55.2,67.7,0.344,0.351,1620,7,0,2023,4987135,
Collin Morikawa,81,69.2,296.2,68,71,-0.109,1.547,1609,7,1,2023,7573198,
Jason Day,80,69.6,304.2,61.7,66.7,0.336,0.519,1574,8,1,2023,6922758,
Sam Burns,81,70,311.4,56.6,63.6,0.584,0.212,1561,6,1,2023,7139050,
Emiliano Grillo,113,70.1,301.3,61.4,68,0.055,0.211,1543,8,1,2023,5476302,
Tyrrell Hatton,78,69.4,306.5,59.4,66.4,0.597,1.081,1509,7,0,2023,8336912,
Jordan Spieth,72,70.1,303.6,56.8,64,0.086,0.624,1506,7,0,2023,7240044,
Sepp Straka,92,70.2,299.5,64.5,68.2,0.216,0.258,1503,5,1,2023,5287574,
Sahith Theegala,106,69.9,304.9,52.8,64.9,0.485,0.304,1494,8,1,2023,7284670,
Chris Kirk,92,69.9,296.4,61.4,66.7,0.134,0.685,1476,4,1,2023,4150252,
Denny McCarthy,100,69.4,295.5,61.5,66.9,0.724,0.28,1454,8,0,2023,6760012,
Justin Rose,68,69.7,295.2,62.7,65.8,0.404,0.789,1412,5,1,2023,4635120,
Andrew Putnam,111,69.6,284.7,64.4,69.7,0.513,0.168,1309,6,0,2023,4459264,
Kurt Kitayama,72,70.7,306.2,51.5,63.3,-0.149,0.274,1300,4,1,2023,6840062,
Adam Svensson,122,69.7,296.2,63.8,67.9,0.217,0.541,1280,4,1,2023,4844402,
Harris English,97,70.1,297.3,62.1,64.6,0.488,0.028,1201,5,0,2023,5600689,
J.T. Poston,100,69.6,297,60.5,68.8,0.395,0.252,1193,8,0,2023,3699409,
Lee Hodges,107,70.3,300.3,60.1,65.5,0.165,0.266,1187,3,1,2023,3749468,
Séamus Power,82,70.3,300,58.7,65.4,0.202,-0.248,1185,3,1,2023,3792807,
Cameron Young,86,69.9,315.7,59.1,69,-0.287,0.62,1181,5,0,2023,5392961,
Eric Cole,126,69.1,299,54.3,65.9,0.505,0.559,1175,7,0,2023,5457030,
Byeong Hun An,105,69.7,315.6,52.2,64.1,-0.194,0.892,1159,4,0,2023,3231760,
Adam Hadwin,88,69.8,295.7,63.4,67.6,0.445,0.265,1156,6,0,2023,4713995,
Tom Hoge,104,69.9,295.9,59.2,67.4,0.162,0.32,1113,4,0,2023,4723610,
Brendon Todd,104,69.6,282,67.9,66.2,0.441,0.294,1075,7,0,2023,3935870,
Cam Davis,91,69.6,311,55.4,67.8,-0.127,0.865,1072,8,0,2023,5001208,
Patrick Rodgers,102,70,308.8,54.1,65.6,0.161,0.331,1011,5,0,2023,3026193,
Hideki Matsuyama,87,69.9,297.2,59.5,66.9,-0.119,1.02,942,2,0,2023,3874772,
Mackenzie Hughes,89,70.2,299.5,55.3,65.6,0.367,-0.166,911,4,1,2023,4318591,
Nick Hardy,118,70,309.2,57.3,69.1,0.048,0.097,902,2,1,2023,2845184,
Taylor Montgomery,102,69.7,303.8,54.4,63,0.919,-0.442,889,5,0,2023,3079378,
Alex Smalley,112,69.9,303,58.8,69.3,-0.299,0.684,880,4,0,2023,3128514,
Thomas Detry,99,69.9,307.7,57.8,65.2,0.259,0.069,870,3,0,2023,2481116,
Stephan Jaeger,122,69.4,306.1,57.9,70.5,-0.09,0.924,860,2,0,2023,2478083,
Brandon Wu,115,69.8,295.7,61.6,68.6,-0.161,0.269,829,3,0,2023,2622608,
Beau Hossler,110,69.7,305.3,57.6,66.9,0.224,0.226,826,5,0,2023,3586109,
Davis Riley,102,70.5,305.9,58.9,66,-0.133,0.021,812,2,1,2023,2856707,
Hayden Buckley,84,70.3,304.4,65.1,68.7,0.051,-0.028,779,4,0,2023,2929779,
Sam Ryder,111,69.8,294.3,57.1,66.8,0.493,0.064,767,5,0,2023,2946215,
J.J. Spaun,102,69.6,298.8,63.7,70.5,-0.212,0.799,764,4,0,2023,3060779,
Ben Griffin,119,69.6,300.1,56,66.9,0.334,0.351,747,3,0,2023,2897799,
Keith Mitchell,94,70.2,313.7,63.3,67.7,0.054,0.429,742,5,0,2023,3062484,
Sam Stevens,106,70.3,310.6,55.8,67.5,-0.314,0.468,736,3,0,2023,2208792,
Matt Kuchar,91,69.6,294.4,63.3,67.9,0.145,0.422,714,6,0,2023,3840222,
Mark Hubbard,116,69.9,292.6,61.2,68.2,0.02,0.594,711,6,0,2023,2932685,
Aaron Rai,105,69.8,294.1,68.7,69.6,-0.262,0.877,704,3,0,2023,2470341,
Vincent Norrman,85,70,314.2,57.8,69,-0.283,0.523,670,3,1,2023,1628489,
Matt NeSmith,99,70.3,297.1,62.3,69.5,-0.13,0.221,662,4,0,2023,2410629,
Justin Thomas,72,70.4,308.5,55.2,65.7,-0.161,0.998,608,4,0,2023,3566403,
Adam Scott,68,69.8,313,53.3,65.8,0.462,0.465,597,5,0,2023,3329394,
Davis Thompson,96,70,310.3,60.4,69.4,-0.152,0.309,596,2,0,2023,2191482,
Austin Eckroat,98,69.9,301.1,64.3,67.3,0.103,0.329,594,4,0,2023,2476429,
Ben Taylor,106,70.9,304.1,50.4,64.8,0.381,-0.503,592,4,0,2023,1912677,
Garrick Higgo,103,70.4,310.8,57.3,66.9,0.101,0.12,586,1,0,2023,1784592,
K.H. Lee,107,70,300.7,59.6,68.6,-0.01,0.355,567,4,0,2023,2883904,
Shane Lowry,62,70.4,303.8,64,66.3,-0.114,0.937,563,1,0,2023,2588707,
Michael Kim,97,70.2,305,58.6,68.2,0.094,0.256,563,4,0,2023,2206882,
David Lingmerth,88,71.1,278.5,67,61,0.06,-0.631,561,5,0,2023,2227332,
Matt Wallace,84,70.7,302.7,54.8,64.6,-0.03,-0.022,548,2,1,2023,1451971,
Justin Suh,114,70.1,299.4,63.4,66.3,0.529,-0.41,548,4,0,2023,3075821,
S.H. Kim,111,70.3,308.7,56.5,63.4,0.278,0.188,546,2,0,2023,2464522,
Joel Dahmen,92,70.6,296.1,63.1,67.1,-0.603,0.418,519,5,0,2023,1996174,
Danny Willett,67,71.2,292.1,58,61.2,0.115,-0.244,511,1,0,2023,1791651,
Dylan Wu,106,69.8,298.2,60.4,70.4,0.33,0.266,509,2,0,2023,1757267,
Kevin Streelman,96,70.7,297.3,59.8,66.6,-0.118,0.284,505,2,0,2023,1636664,
Harry Hall,102,70,299.8,54,66.4,0.698,-0.549,499,3,0,2023,1564358,
Joseph Bramlett,80,70,312.4,51.9,68.3,-0.297,0.751,489,3,0,2023,1597911,
Billy Horschel,64,70.9,298.5,62.6,64.1,0.326,-0.298,485,3,0,2023,1810825,
Callum Tarren,99,70.6,312,50.7,67.7,-0.188,0.127,474,2,0,2023,1780943,
Robby Shelton,104,70.3,294.1,59.1,65.5,-0.123,0.048,467,3,0,2023,1743610,
Gary Woodland,83,70.7,313.8,58.2,67.9,-0.568,0.926,465,2,0,2023,2256535,
Zac Blair,78,70.2,281.6,68.1,66.5,0.004,0.046,465,2,0,2023,2469218,
Chez Reavie,96,70.8,288.4,65.8,68.5,-0.124,-0.075,464,2,0,2023,2264759,
Aaron Baddeley,80,69.8,284.5,57.2,65.8,0.384,-0.162,458,3,0,2023,1337851,
Nate Lashley,107,69.8,297.4,60.7,69.7,0.074,0.277,455,3,0,2023,1749031,
David Lipsky,103,70.5,292.7,63.2,67.5,-0.466,0.257,450,2,0,2023,1716258,
Kevin Yu,71,69.6,311.3,61.5,72.6,-0.804,1.04,445,3,0,2023,1232379,
Will Gordon,111,70.1,311.4,61.6,70.8,-0.169,0.096,440,1,0,2023,1449632,
Scottie Scheffler,75,68,303.8,66.9,73.2,0.095,2.401,6615,16,7,2024,29228356,
Xander Schauffele,83,68.5,308.5,60.8,70,0.51,1.431,5422,15,2,2024,18385320,
Hideki Matsuyama,74,69.6,299.4,58.8,66.7,-0.118,1.386,3899,7,2,2024,11257969,
Keegan Bradley,79,70.3,305.5,62.5,67.1,-0.141,0.482,3096,3,1,2024,6879455,
Ludvig Åberg,75,69.4,310.1,62.4,68.1,0.135,0.929,2980,8,0,2024,9833547,
Rory McIlroy,69,69.7,320.2,60.3,65.7,0.173,1.239,2829,7,2,2024,10893790,
Collin Morikawa,79,69.3,296,70.1,65.2,0.121,1.082,2714,8,0,2024,8383572,
Wyndham Clark,71,69.6,314,55.2,65.3,0.476,0.556,2708,8,1,2024,10901416,
Sam Burns,77,69.6,307.4,61.6,64.7,0.496,0.507,2518,8,0,2024,6185830,
Patrick Cantlay,69,69.9,302.7,58.4,63.1,0.234,0.43,2221,4,0,2024,6279965,
Sungjae Im,91,69.5,298.8,63.6,65.1,0.138,0.662,2220,8,0,2024,6286205,
Sahith Theegala,93,69.8,305.7,59,67.9,0.257,0.687,2114,9,0,2024,8474215,
Shane Lowry,73,70,300.4,66,67,-0.076,0.733,2099,7,1,2024,6095881,
Adam Scott,71,69.6,307.1,58.3,66.4,0.399,0.54,2058,5,0,2024,4753172,
Tony Finau,83,69.7,308.4,58.4,69,-0.296,1.33,2047,5,0,2024,5706467,
Byeong Hun An,75,70,317.1,53.3,67.6,-0.079,0.579,2040,5,0,2024,5871643,
Viktor Hovland,57,70,305.1,60.7,67.8,0.269,0.451,1967,2,0,2024,4616727,
Russell Henley,73,69.8,291.3,69.5,65,0.304,0.646,1933,7,0,2024,5080969,
Akshay Bhatia,89,69.9,299.8,65.5,66,0.345,0.403,1891,3,1,2024,5344905,
Robert MacIntyre,75,69.4,304.9,56.6,66,0.321,0.404,1885,6,2,2024,5400384,
Billy Horschel,79,69.5,299.4,63.8,66.4,0.442,0.289,1838,7,1,2024,5037278,
Tommy Fleetwood,71,69.9,300.4,69.2,67.3,0.04,0.618,1747,4,0,2024,4609158,
Sepp Straka,77,70.5,294.7,70,67.5,-0.018,0.223,1721,4,0,2024,4601079,
Matthieu Pavon,67,70.5,300.9,63.2,66,0.125,-0.138,1690,4,1,2024,5254412,
Taylor Pendrith,79,69.5,313.6,57.4,67,0.592,0.288,1668,7,1,2024,4797854,
Chris Kirk,81,70.3,299.9,65.5,65.8,-0.427,0.532,1656,3,1,2024,6061136,
Tom Hoge,105,69.8,296.2,60.7,67.7,0.037,0.446,1655,4,0,2024,4841123,
Aaron Rai,89,69.3,293.8,72,71.6,0.054,1.131,1639,6,1,2024,4613515,
Christiaan Bezuidenhout,80,69.9,290.7,59.5,62.1,0.459,0.181,1628,3,0,2024,5026363,
Justin Thomas,71,69.6,309.1,55.8,65.6,-0.478,1.24,1617,6,0,2024,5223561,
Brian Harman,87,69.9,292.7,67.2,65.8,0.291,0.497,1588,3,0,2024,5201770,
Si Woo Kim,92,69.6,294.8,67.2,65.4,-0.218,0.98,1580,3,0,2024,4526733,
Jason Day,73,69.9,300.8,61.2,63.4,0.541,-0.058,1567,4,0,2024,4117518,
Davis Thompson,94,69.3,306.3,61.9,68.6,0.042,1.018,1523,5,1,2024,4420940,
Denny McCarthy,87,70,290.6,62.6,62.6,0.699,0.018,1498,4,0,2024,4022193,
Cam Davis,80,70.7,303.2,61.1,63.5,-0.254,-0.172,1490,2,1,2024,4039533,
Alex Noren,73,69.4,295.5,63.8,68.3,0.213,0.798,1483,4,0,2024,3649210,
Will Zalatoris,70,70.5,302.5,60,65.3,-0.181,0.197,1461,3,0,2024,4569320,
Corey Conners,87,69.8,301.2,64.3,70.3,-0.168,1.13,1433,4,0,2024,4061539,
Matt Fitzpatrick,71,70.4,299,63.2,64.4,0.417,-0.011,1376,3,0,2024,3705463,
J.T. Poston,89,69.9,293.1,65.5,66.1,0.252,0.234,1355,6,1,2024,5271598,
Thomas Detry,70,70,303.3,59,63.3,0.532,-0.301,1344,4,0,2024,3614669,
Stephan Jaeger,83,70,310.3,60.6,66,0.01,0.382,1327,4,1,2024,4732554,
Cameron Young,81,70.4,308.9,59.6,66.2,-0.234,0.496,1295,6,0,2024,4057224,
Austin Eckroat,94,70.2,300.8,67.9,66.2,-0.172,0.473,1294,3,2,2024,5054871,
Max Homa,79,70.7,300.2,56.6,63.7,-0.025,-0.029,1288,3,0,2024,3843467,
Adam Hadwin,83,70.4,297.6,62,64.9,0.023,-0.051,1266,5,0,2024,4052108,
Max Greyserman,81,69.1,311,59.1,68.5,0.749,0.121,1239,6,0,2024,4297356,
Nick Dunlap,71,70.4,307.3,55.2,64.3,-0.006,-0.149,1224,4,2,2024,2930385,
Eric Cole,111,70.1,297.2,57.2,62.7,0.258,0.03,1173,5,0,2024,3726147,
Tom Kim,82,70.1,299,64.9,66.2,-0.081,0.452,1079,2,0,2024,4124968,
Mackenzie Hughes,95,69.7,298.2,54.8,63.7,0.742,-0.037,1048,6,0,2024,3769962,
Maverick McNealy,95,69.1,302.5,61.2,67.9,0.351,0.685,1045,6,1,2024,4708358,
Patrick Rodgers,100,69.7,306.1,59.1,69.8,0.125,0.083,1032,5,0,2024,3247174,
Justin Rose,61,70.5,297.5,63.2,63.3,0.022,-0.467,1021,2,0,2024,3058683,
Séamus Power,96,69.7,300.3,64.5,67.9,0.041,0.336,993,1,0,2024,3033654,
Harris English,93,70.1,301.9,65.4,65.9,0.491,-0.132,987,4,0,2024,3402062,
Nick Taylor,86,70.3,293.2,61.7,64.8,-0.042,0.175,985,3,1,2024,3249358,
Jake Knapp,78,70.8,309.5,56.2,65.4,-0.082,-0.241,984,4,1,2024,3102773,
Min Woo Lee,70,70.1,314.8,57.4,65.4,-0.11,0.588,923,2,0,2024,2611021,
Ben Griffin,116,69.1,295.6,59.2,69.8,0.238,0.478,895,5,0,2024,3459847,
Erik van Rooyen,83,69.7,308.2,59.9,69.8,0.403,0.157,893,4,0,2024,2572256,
Brendon Todd,99,70.4,279.8,68.1,63.1,0.409,-0.521,860,2,0,2024,2461227,
Taylor Moore,99,70.2,306.8,59.1,66.4,0.19,0.02,818,2,0,2024,2843944,
Peter Malnati,78,71,297.7,52.7,61.4,0.257,-0.836,814,2,1,2024,2520248,
Jordan Spieth,70,70.3,306.9,62.4,65.9,-0.006,0.271,795,3,0,2024,2732591,
Emiliano Grillo,85,70.5,292.5,63.6,65.9,0.129,-0.079,765,2,0,2024,2355824,
Mark Hubbard,103,69.5,294.7,66.7,68.2,0.017,0.28,755,3,0,2024,2757076,
Jhonattan Vegas,75,69.3,313.9,59.1,72.3,-0.28,0.846,739,1,1,2024,2309280,
Victor Perez,72,69.8,301.1,60.1,68.5,0.126,0.356,708,3,0,2024,2068163,
Davis Riley,76,70.4,303.6,56.6,64.3,0.289,-0.919,647,1,1,2024,2163701,
Andrew Putnam,83,69.9,280.8,65.7,68.9,0.289,0.007,625,2,0,2024,2054544,
Kurt Kitayama,79,69.5,308.7,59.3,68.8,-0.433,1.171,603,4,0,2024,2474411,
Luke List,77,70.4,304.7,58.5,68,-0.01,-0.306,601,1,0,2024,2637149,
Adam Svensson,107,70.2,297.4,65.7,67.5,-0.447,0.547,601,2,0,2024,2014485,
Keith Mitchell,85,69.3,311.8,59.1,70.4,-0.33,1.152,599,4,0,2024,2340999,
Lucas Glover,93,69.9,289.9,69.3,69.1,-0.215,0.861,596,2,0,2024,2876201,
Lee Hodges,94,70.3,296.6,66.7,68.1,-0.302,0.093,596,2,0,2024,2479597,
Adam Schenk,95,70.7,302.1,60,65.2,0.026,-0.437,583,1,0,2024,1861382,
Charley Hoffman,73,69.9,304.4,58.4,67,-0.241,0.357,550,3,0,2024,1805659,
Nicolai Højgaard,57,71.2,309.1,54.3,65.1,-0.231,0.056,532,1,0,2024,1741996,
Ben Kohles,89,70.3,290.9,70.6,70,-0.201,-0.148,531,2,0,2024,1853159,
Ryo Hisatsune,88,69.7,295.4,63.4,70.4,0.065,0.206,522,1,0,2024,1637598,
Beau Hossler,89,69.3,302.7,59.7,69.5,0.496,0.097,521,3,0,2024,2607962,
Andrew Novak,86,69.1,298.7,58.8,71.2,-0.003,0.789,518,5,0,2024,2507992,
Harry Hall,83,69.2,301.5,57.5,66.4,0.279,0.392,517,2,1,2024,1779095,
Brice Garnett,48,69.8,289.2,70.5,71.1,-0.424,0.275,516,1,1,2024,1340330,
Mac Meissner,75,69.4,302.8,62,70,-0.056,0.762,475,3,0,2024,1456769,
Kevin Yu,77,69.5,308,59.7,71.5,-0.288,0.624,469,5,1,2024,3285759,
Justin Lower,101,69.6,295.2,60.6,69.6,0.35,-0.149,461,5,0,2024,2418975,
Doug Ghim,94,69.2,297.2,68,72.6,-0.191,1.062,460,2,0,2024,2435308,
C.T. Pan,59,69.8,294.4,64.4,67.8,0.045,0.496,455,3,0,2024,1801097,
Chan Kim,84,69.3,301.8,64.6,70.7,-0.412,0.92,452,3,0,2024,1405653,
Chris Gotterup,74,70.1,316.2,49.5,67.7,-0.083,-0.056,452,1,1,2024,1170837,
Sam Stevens,102,69.4,306.3,59.4,70,0.306,0.235,436,4,0,2024,1701220,
Chandler Phillips,87,69.4,295.1,64.4,65.4,0.322,0.131,427,2,0,2024,1714290,
J.J. Spaun,80,69.7,301.5,61.7,70.9,-0.035,0.424,419,4,0,2024,1645746,
Sami Välimäki,63,70.4,299.2,59.9,65.1,0.06,-0.272,418,1,0,2024,1273129,
Scottie Scheffler,80,68,308.3,63,71.4,0.382,2.361,7456,17,6,2025,27659550,
Rory McIlroy,58,69.1,323,51.2,67.7,0.597,0.946,3687,8,3,2025,16992418,
J.J. Spaun,91,69.5,306.1,62,69.5,0.113,1.045,3493,7,1,2025,13278222,
Justin Rose,58,70.6,301.9,58.5,64,0.156,-0.072,3326,5,1,2025,8857976,
Tommy Fleetwood,74,69.4,299.4,65.4,65.8,0.404,1.225,2923,8,1,2025,18496238,
Ben Griffin,104,69.2,305.1,60,69.7,0.407,0.816,2798,12,3,2025,11724352,
Russell Henley,72,69.3,289.1,68.7,70.1,0.22,1.097,2795,10,1,2025,14707570,
Sepp Straka,76,69.5,297.9,65.7,70.2,0.237,0.835,2783,6,2,2025,10650894,
Robert MacIntyre,84,69.5,302.7,61.5,68.7,0.251,0.644,2750,6,0,2025,8467191,
Maverick McNealy,94,69.9,306.8,59.1,68.1,0.35,0.39,2547,7,0,2025,8322575,
Harris English,88,69.9,304.3,61.8,66.7,0.418,0.193,2512,4,1,2025,8840132,
Justin Thomas,80,69.7,305.3,53.3,65.3,0.34,0.662,2477,8,1,2025,10896155,
Cameron Young,87,70.1,313.2,53.9,64.2,0.642,0.16,2184,8,1,2025,8789813,
Ludvig Åberg,69,70,313.9,59.5,66.2,0.051,0.454,2179,6,1,2025,8276973,
Andrew Novak,89,70.4,301.3,57.2,61.5,0.202,0.162,2029,6,1,2025,7788219,
Keegan Bradley,80,69.9,306.4,61.4,66,-0.056,1.037,1992,6,1,2025,8702812,
Sam Burns,94,69.6,307.5,60.2,66.1,0.983,0.014,1871,6,0,2025,6801982,
Brian Harman,89,70.2,294.6,63.3,65.7,0.039,0.189,1735,4,1,2025,5547660,
Corey Conners,81,70,298.2,66.6,69.2,0.133,0.55,1719,7,0,2025,8167903,
Patrick Cantlay,74,69.8,305.9,58.9,70,0.155,0.901,1661,5,0,2025,9441931,
Collin Morikawa,76,69.9,298.3,70.7,69.2,-0.313,1.205,1655,4,0,2025,7915347,
Viktor Hovland,65,70,303.3,63.1,67.3,-0.07,0.914,1637,3,1,2025,5824239,
Hideki Matsuyama,86,69.8,300.2,58.5,65.7,-0.034,0.789,1630,1,1,2025,6650152,
Shane Lowry,70,70.1,298.1,63,67.1,-0.123,0.892,1607,4,0,2025,7082794,
Nick Taylor,82,69.9,295.2,66.6,68.9,0.128,0.526,1564,3,1,2025,5431209,
Harry Hall,94,68.8,303.6,58.1,65,0.881,0.298,1475,5,0,2025,4309601,
Jacob Bridgeman,94,69.9,302.2,60.6,65.2,0.388,-0.101,1475,5,0,2025,4437269,
Sungjae Im,97,70.3,296.9,68,62.6,0.094,-0.141,1422,3,0,2025,5082896,
Chris Gotterup,91,69.3,316.7,55.7,70.3,0.004,0.581,1414,4,1,2025,4844784,
Akshay Bhatia,87,69.9,298.7,60.5,67.5,0.277,0.361,1409,4,0,2025,4882187,
Michael Kim,96,70.2,299.7,58.9,65,-0.003,0.566,1400,4,0,2025,4105211,
Rickie Fowler,77,69.8,305.3,63.7,65.3,0.085,0.27,1372,3,0,2025,3441954,
Taylor Pendrith,82,70,311.2,58.7,69,0.028,0.635,1366,4,0,2025,3978452,
Matt Fitzpatrick,74,70.1,302.7,61.3,66.7,0.326,0.321,1304,5,0,2025,3831413,
Kurt Kitayama,74,69.3,318,57.8,67.8,-0.269,1.094,1298,4,1,2025,3476376,
Lucas Glover,75,70.3,292.3,68.4,65.4,-0.316,0.74,1296,5,0,2025,4397743,
Si Woo Kim,99,69.7,297.4,66.8,66.7,-0.367,1.118,1278,3,0,2025,4184686,
Sam Stevens,108,70.1,305.5,59.7,66.2,0.059,0.233,1263,4,0,2025,4392752,
Ryan Gerard,98,70.1,303.2,63.4,65.8,-0.308,0.671,1250,4,1,2025,3872916,
Denny McCarthy,88,70.1,295.3,60.8,66.4,0.679,-0.082,1242,2,0,2025,3871251,
Jason Day,62,70,300.3,61.1,66,0.171,0.28,1241,4,0,2025,3740375,
Xander Schauffele,64,70.1,311.9,55.6,66.9,-0.184,0.637,1220,4,1,2025,4839866,
Ryan Fox,70,70.2,308.7,52.3,64.2,0.193,0.277,1209,2,2,2025,3981947,
Thomas Detry,82,70.6,306.5,56.8,65.2,0.126,-0.073,1184,2,1,2025,3651876,
Daniel Berger,79,70.3,302.9,66.4,68.2,-0.151,0.678,1180,2,0,2025,4115448,
Brian Campbell,68,71.1,278.4,66.8,61.2,0.231,-0.906,1160,2,2,2025,3370767,
Bud Cauley,74,70.1,301.4,61.2,65.9,0.118,0.528,1133,4,0,2025,3321090,
Tom Hoge,92,70.9,296.3,60.5,62.9,-0.122,-0.308,1124,4,0,2025,4201600,
J.T. Poston,92,70.2,295.6,66.1,66.2,0.04,0.422,1102,2,0,2025,3233502,
Jhonattan Vegas,71,70.8,309,54.2,66.8,-0.285,0.285,1047,2,0,2025,2795198,
Chris Kirk,78,70.1,297.7,61.2,68,-0.301,0.631,962,3,0,2025,2964600,
Aldrich Potgieter,55,70.6,325,55.6,64.5,0.116,0.065,961,3,1,2025,3038146,
Aaron Rai,72,70,289.6,73.9,70.5,-0.134,0.942,957,2,0,2025,3274601,
Jordan Spieth,68,70.1,306.6,58.1,64.6,0.152,0.747,927,4,0,2025,3159660,
Jake Knapp,77,69.5,313.4,55.6,67.6,0.456,0.161,889,4,0,2025,3012401,
Wyndham Clark,82,70.1,311.7,55.5,65.9,0.142,0.104,875,2,0,2025,2883112,
Min Woo Lee,66,70.6,313.8,55.5,63.8,0.161,-0.075,864,2,1,2025,3301286,
Max Greyserman,93,70.3,308.6,55.8,65.4,0.262,0.033,855,3,0,2025,3798185,
Joe Highsmith,82,71.1,299.9,61.6,61.7,-0.125,-0.576,843,2,1,2025,2820859,
Stephan Jaeger,89,70.3,306.3,54.7,64.8,0.251,0.122,763,3,0,2025,2684801,
Davis Riley,86,70.7,305,55.1,63.1,0.155,-0.643,739,3,0,2025,2496448,
Nico Echavarria,89,69.8,294.7,64.5,67.2,0.666,-0.296,734,4,0,2025,2891343,
Kevin Yu,93,69.5,309.4,63.3,70.7,0.013,0.78,732,2,0,2025,2536810,
Patrick Rodgers,98,69.8,309.1,60,66.2,0.04,0.1,730,3,0,2025,2793088,
Mackenzie Hughes,88,70.4,301.3,56.8,65.5,0.071,-0.065,726,4,0,2025,2497976,
Tony Finau,71,71,304.9,56.9,64.9,-0.117,-0.021,706,1,0,2025,2551493,
Matti Schmid,88,69.9,310.9,57,68.6,0.304,-0.127,682,5,0,2025,2303222,
Emiliano Grillo,93,69.8,300.3,68.5,68.5,0.286,0.226,668,2,0,2025,2315983,
Cam Davis,64,71.1,302.2,53.9,62.6,-0.01,-0.669,656,1,0,2025,2093245,
Erik van Rooyen,68,70.5,307.9,59.3,66.8,-0.401,0.177,652,3,0,2025,2142196,
Davis Thompson,90,70,304.7,64.1,69.5,-0.297,0.687,615,1,0,2025,2439587,
Gary Woodland,76,70,313,59,67.5,0.229,0.183,599,1,0,2025,2044795,
Nicolai Højgaard,52,69.5,318.8,53.2,70.4,0.19,0.524,596,3,0,2025,1897477,
Byeong Hun An,92,70.4,306.6,54.3,65.8,-0.404,0.252,595,3,0,2025,2652079,
Keith Mitchell,84,69.3,314.2,60.4,70.5,-0.012,0.513,589,3,0,2025,2014835,
Christiaan Bezuidenhout,89,70.1,290,65.5,66.5,0.458,-0.08,579,3,0,2025,2434490,
Mark Hubbard,96,70,300.7,62.1,67.5,0.176,0.015,558,3,0,2025,1763551,
Kevin Roy,87,69.5,305.6,65.4,69,0.186,0.332,556,3,0,2025,1734139,
Alex Smalley,86,69.4,306.2,64,68.7,0.043,0.615,554,4,0,2025,2337573,
Eric Cole,107,70.2,297.7,57.9,64.1,0.222,-0.149,549,4,0,2025,2369702,
William Mouw,73,69.7,309.5,61.9,70.6,0.176,-0.165,542,3,1,2025,1597314,
Matt McCarty,85,69.7,298.9,65.1,66.8,0.435,0.089,535,3,0,2025,2308452,
Karl Vilips,62,70.2,308.5,56.6,67.7,-0.411,-0.395,515,2,1,2025,1479028,
Ryo Hisatsune,92,70.1,297.5,62.1,69.4,-0.205,0.435,504,4,0,2025,1835136,
Rasmus Højgaard,66,70.2,314.9,55.7,66.8,-0.048,0.063,500,2,0,2025,2103443,
Mac Meissner,84,69.9,304.5,60.1,67.4,-0.032,0.446,495,1,0,2025,1762863,
Sami Välimäki,85,69.7,295.9,62.4,69,0.548,0.057,463,4,1,2025,3388761,
Michael Thorbjornsen,83,69.2,317.8,64.2,73.6,-0.091,0.485,454,5,0,2025,2286658,
Beau Hossler,94,70.2,303.9,54.9,64.5,0.263,-0.272,453,1,0,2025,1533612,
Adam Scott,66,70.6,304.9,58.3,66.1,-0.1,0.549,451,0,0,2025,1803164,
David Lipsky,82,70.3,293.6,65.3,67.5,-0.323,0.099,442,3,0,2025,1411093,
Matt Wallace,79,69.8,302.9,59.7,67.7,0.036,0.413,439,2,0,2025,1570460,
Joel Dahmen,75,70,298.4,71.2,69,-0.241,0.244,433,3,0,2025,1231952,
Tom Kim,86,70.8,299.3,60,63.5,-0.103,0.145,426,1,0,2025,1496889,
Andrew Putnam,82,69.7,280.5,71.8,70.3,0.439,0.062,423,2,0,2025,1371617,
Patrick Fishburn,87,69.8,305.6,58.3,71.6,0.171,0.349,423,4,0,2025,1408119,
Max McGreevy,90,69.7,298.2,68.8,68.8,-0.078,0.365,412,4,0,2025,2522721,
Danny Walker,69,70.5,307.4,55.9,65,0.235,-0.195,411,2,0,2025,1561918,
Garrick Higgo,48,68.9,312.9,58.1,71.6,0.661,0.121,406,5,1,2025,2448383,
Taylor Moore,82,70,308.3,59,68,-0.124,0.261,405,2,0,2025,1424004,
Vince Whaley,100,69.4,307.7,56.2,68.4,0.261,0.144,404,4,0,2025,1869447,
Lee Hodges,78,69.3,299.7,65,71.2,0.056,0.597,383,4,0,2025,1617203,
Isaiah Salinda,73,70.4,311.3,62.1,68.9,-0.606,0.276,383,2,0,2025,1363322,
Rico Hoey,100,69.3,307.7,67.7,73.1,-0.97,1.301,376,6,0,2025,2536072,
Austin Eckroat,86,70.4,300.3,66.1,68.6,-0.047,0.068,371,0,0,2025,1675705,
Sam Ryder,88,69.8,300.4,60.9,65.9,0.626,-0.249,368,0,0,2025,1314035,
Jesper Svensson,89,69.6,318.6,56.7,67.7,-0.056,0.517,363,1,0,2025,1292826,
Max Homa,73,70.6,300.8,60.5,66.4,0.073,-0.376,351,2,0,2025,1636827,
Harry Higgs,82,70.8,307.2,59.2,65.2,0.002,-0.501,338,1,0,2025,908846,
Chan Kim,81,70.1,302.5,60.9,67.7,-0.294,0.205,334,2,0,2025,1007294,
Alejandro Tosti,52,70.2,314.2,56.1,64.5,-0.58,0.357,333,3,0,2025,1010144,
Henrik Norlander,85,70.1,295.2,64.3,69,-0.237,0.156,327,1,0,2025,1015479,
Ricky Castillo,80,69.7,311,60.6,69.5,-0.136,0.575,324,2,0,2025,1444455,
Jackson Suber,75,70.1,308.1,57.3,68.4,0.035,-0.011,320,3,0,2025,1254486,
Chad Ramey,83,69.9,299.2,64.2,68.7,0.191,-0.182,319,4,0,2025,1490602,
Justin Lower,80,70.5,299.3,64.5,67.2,-0.085,-0.387,314,3,0,2025,1299525,
Thorbjørn Olesen,78,69.4,304.7,64.3,71.7,0.352,0.45,311,3,0,2025,1438925,
Hayden Springer,72,70,309.2,58,65.9,0.345,-0.242,304,1,0,2025,1031846,
Kris Ventura,84,69.8,310.8,62.7,69.6,0.286,-0.06,304,1,0,2025,1180201,
Zach Johnson,49,70.2,285.6,69.2,69.3,0.446,-0.406,298,1,0,2025,918478,
Chandler Phillips,79,70.3,297.2,61.3,65,-0.015,-0.177,294,2,0,2025,1518764,
Paul Peterson,64,70,281.7,73.1,67.4,0.295,-0.426,291,2,0,2025,848337,
Doug Ghim,86,69.9,302.9,64.3,70.7,-0.808,0.965,288,1,0,2025,1190108,
Matt Kuchar,68,69.7,282.2,66,66.3,0.37,0.092,285,1,0,2025,1310380,
Carson Young,78,70.1,294.8,67.2,69.5,-0.12,-0.076,285,3,0,2025,1060007,
Brandt Snedeker,70,69.9,284.2,69,66.7,0.531,-0.284,280,3,0,2025,1192940,
Séamus Power,82,69.9,298.7,63.8,69,-0.201,0.244,279,2,0,2025,1318706,
Jeremy Paul,74,69.8,304.9,57.6,69.1,0.023,-0.285,271,1,0,2025,823634,
Adam Schenk,77,70.4,304.6,56.4,65.1,-0.054,-0.19,258,3,1,2025,2016294,
Takumi Kanaya,81,69.7,292.1,74.1,66.3,0.333,0.062,257,4,0,2025,1463762,
Nick Dunlap,74,71.3,299.3,51.1,65.4,0.112,-1.27,255,2,0,2025,1170325,
David Skinns,75,70.3,308.3,58.6,68.6,-0.217,0.037,254,3,0,2025,783457,
Adam Hadwin,87,70.5,299.8,62.1,66.2,0.051,-0.654,254,1,0,2025,1079946,
Pierceson Coody,52,69,311.5,63.3,72.2,-0.126,0.841,248,2,0,2025,1171494,
Steven Fisk,81,69.8,311,60.9,71.7,-0.471,0.792,246,2,1,2025,1804525,
Will Gordon,62,70.6,312.6,58.1,69.4,-0.38,-0.216,235,2,0,2025,808904,
Lanto Griffin,71,70.4,300.1,61.5,66.9,0.095,-0.058,234,2,0,2025,1037926,
Noah Goodwin,71,70.1,300.1,66.8,68,0.082,-0.184,219,1,0,2025,796403,
Nate Lashley,53,70.1,299.4,60.1,67.3,-0.126,0,217,0,0,2025,559402,
Quade Cummins,80,70.2,305.7,57.8,66.2,0.234,-0.498,217,0,0,2025,556303,
Sahith Theegala,75,70.9,301.3,57,65.6,-0.18,-0.306,209,0,0,2025,977539,
Antoine Rozner,75,70.2,308.1,58.5,69.9,-0.318,0.207,207,0,0,2025,710529,
Thriston Lawrence,52,71.1,299.5,63,67.1,-0.312,0.016,206,1,0,2025,728082,
Brice Garnett,68,69.9,291.2,69.4,70.1,0.182,-0.25,199,0,0,2025,631678,
Matteo Manassero,52,70.2,286,60.1,65,0.012,-0.097,199,1,0,2025,617348,
Ben Kohles,84,69.7,295.2,73.1,72.9,-0.529,0.801,198,1,0,2025,658427,
Taylor Montgomery,66,69.7,302,51.4,63.6,0.917,-0.552,198,2,0,2025,824353,
Frankie Capan III,69,71.2,301.5,45.8,60.1,0.488,-1.896,191,3,0,2025,1108327,
Joseph Bramlett,46,70,316.4,55.9,69.6,-0.845,0.938,176,1,0,2025,489712,
Trey Mullinax,70,70,312.3,52.6,69.8,0.038,-0.112,176,0,0,2025,615755,
Luke List,74,70.7,309.8,63.2,67.2,-0.155,-0.138,175,2,0,2025,634020,
Will Chandler,75,71.6,300.3,61,63.4,-0.245,-1,165,1,0,2025,567658,
Greyson Sigg,77,69.9,295.2,65.4,70.3,-0.454,0.512,164,1,0,2025,777250,
Niklas Nørgaard,58,70.2,315.3,51.6,69.9,0.16,-0.026,162,1,0,2025,543656,
Adam Svensson,79,70.2,295.7,66,69.5,-0.579,0.24,158,0,0,2025,487188,
Ben Silverman,73,70.1,299.7,64.2,67.4,0.195,-0.419,157,1,0,2025,766836,
Camilo Villegas,71,70.7,290,53.2,64.2,0.085,-0.725,150,2,0,2025,733788,
Nick Hardy,63,70.4,310.8,58.3,70.6,-0.172,-0.02,145,1,0,2025,432097,
Matthieu Pavon,82,71.5,299.1,62.8,65.4,0.053,-1.03,144,0,0,2025,634425,
Thomas Rosenmueller,77,69.9,309,62.4,72.2,-0.611,0.374,144,0,0,2025,556197,
Taylor Dickson,67,71.4,300.4,61.5,63.6,-0.387,-1.001,135,1,0,2025,463642,
John Pak,75,70.5,290.4,67.7,67.2,-0.553,-0.085,121,1,0,2025,622055,
Zac Blair,61,69.9,287.1,68.1,67.9,-0.14,0.233,104,2,0,2025,663124,
Hayden Buckley,58,70.6,304.5,65.6,68,-0.513,-0.31,100,2,0,2025,379692,
Ben Martin,53,70,296.7,61.9,68.4,0.031,-0.134,99,1,0,2025,335350,
Cristobal Del Solar,67,71.2,304.5,51.7,63.8,0.107,-1.339,88,0,0,2025,250132,
Matthew Riedel,66,71.1,303.6,59.7,68.2,-0.094,-0.879,87,0,0,2025,287732,
Trevor Cone,69,70.3,315.4,59.8,70,-0.351,-0.004,83,1,0,2025,544059,
Peter Malnati,63,71.1,301.3,48.1,61.5,0.034,-1.022,80,0,0,2025,282493,
Patton Kizzire,66,70.2,298.5,60.7,66.6,-0.258,-0.058,72,0,0,2025,317724,
Rikuya Hoshino,52,70.1,296,62.2,64.7,-0.004,-0.324,68,1,0,2025,363756,
Kevin Velo,65,71.1,299.2,64.3,66.9,-0.531,-0.394,68,1,0,2025,290109,
Rafael Campos,79,71.7,305.2,55.9,62.9,-0.079,-1.196,63,0,0,2025,216757,
Braden Thornberry,61,71,302.2,53.7,63.8,0.38,-1.413,57,1,0,2025,301674,
Mason Andersen,65,70.9,295.8,58.7,64.2,-0.018,-1.196,43,0,0,2025,213335,
Kaito Onishi,60,71.2,298.2,59.9,63.1,0.077,-1.229,42,0,0,2025,145336,
Luke Clanton,58,69.9,312.6,59.1,70.6,-0.269,0.321,41,0,0,2025,251429,